[
  {
    "id": 0,
    "cardCode": "TAROT_FOOL_001",
    "cardNumber": "0",
    "name": "The Fool",
    "slug": "the-fool",
    "image": "images/the-fool.jpg",
    "description": "New beginnings, optimism, trust in life. The Fool represents a leap of faith and embracing the unknown with courage and enthusiasm.",
    "productId": "370",
    "addToCartLink": "https://shop.worldtrismegisto.com/cart/?add-to-cart=370",
    "buyNowLink": "https://shop.worldtrismegisto.com/product-category/tarot/",
    "category": "new-beginnings",
    "keywords": ["new beginnings", "optimism", "trust", "leap of faith"]
  },
  {
    "id": 1,
    "cardCode": "TAROT_MAGI_002",
    "cardNumber": "I",
    "name": "The Magician",
    "slug": "the-magician",
    "image": "images/the-magician.jpg",
    "description": "Manifestation, resourcefulness, power, inspired action. The Magician suggests that you have the skill, ability and desire to manifest your goals.",
    "productId": "374",
    "addToCartLink": "https://shop.worldtrismegisto.com/cart/?add-to-cart=374",
    "buyNowLink": "https://shop.worldtrismegisto.com/product-category/tarot/",
    "category": "manifestation",
    "keywords": ["manifestation", "resourcefulness", "power", "inspired action"]
  },
  {
    "id": 2,
    "cardCode": "TAROT_HPRI_003",
    "cardNumber": "II",
    "name": "The High Priestess",
    "slug": "the-high-priestess",
    "image": "images/the-high-priestess.jpg",
    "description": "Intuition, sacred knowledge, divine feminine, the subconscious mind. Trust your intuition and look for hidden knowledge.",
    "productId": "377",
    "addToCartLink": "https://shop.worldtrismegisto.com/cart/?add-to-cart=377",
    "buyNowLink": "https://shop.worldtrismegisto.com/product-category/tarot/",
    "category": "intuition",
    "keywords": ["intuition", "sacred knowledge", "divine feminine", "subconscious"]
  },
  {
    "id": 3,
    "cardCode": "TAROT_EMPR_004",
    "cardNumber": "III",
    "name": "The Empress",
    "slug": "the-empress",
    "image": "images/the-empress.jpg",
    "description": "Femininity, beauty, nature, nurturing, abundance. The Empress signifies a strong connection with femininity and creativity.",
    "productId": "380",
    "addToCartLink": "https://shop.worldtrismegisto.com/cart/?add-to-cart=380",
    "buyNowLink": "https://shop.worldtrismegisto.com/product-category/tarot/",
    "category": "abundance",
    "keywords": ["femininity", "beauty", "nature", "nurturing", "abundance"]
  },
  {
    "id": 4,
    "cardCode": "TAROT_EMPE_005",
    "cardNumber": "IV",
    "name": "The Emperor",
    "slug": "the-emperor",
    "image": "images/the-emperor.jpg",
    "description": "Authority, establishment, structure, a father figure. The Emperor represents a powerful leader who demands respect and authority.",
    "productId": "382",
    "addToCartLink": "https://shop.worldtrismegisto.com/cart/?add-to-cart=382",
    "buyNowLink": "https://shop.worldtrismegisto.com/product-category/tarot/",
    "category": "leadership",
    "keywords": ["authority", "establishment", "structure", "leadership"]
  },
  {
    "id": 5,
    "cardCode": "TAROT_HIER_006",
    "cardNumber": "V",
    "name": "The Hierophant",
    "slug": "the-hierophant",
    "image": "images/the-hierophant.jpg",
    "description": "Spiritual wisdom, religious beliefs, conformity, tradition, institutions. Seek guidance from mentors and spiritual teachers.",
    "productId": "384",
    "addToCartLink": "https://shop.worldtrismegisto.com/cart/?add-to-cart=384",
    "buyNowLink": "https://shop.worldtrismegisto.com/product-category/tarot/",
    "category": "spiritual-wisdom",
    "keywords": ["spiritual wisdom", "religious beliefs", "tradition", "guidance"]
  },
  {
    "id": 6,
    "cardCode": "TAROT_LOVE_007",
    "cardNumber": "VI",
    "name": "The Lovers",
    "slug": "the-lovers",
    "image": "images/the-lovers.jpg",
    "description": "Love, harmony, relationships, values alignment. The Lovers represent conscious connections and choices made from the heart.",
    "productId": "386",
    "addToCartLink": "https://shop.worldtrismegisto.com/cart/?add-to-cart=386",
    "buyNowLink": "https://shop.worldtrismegisto.com/product-category/tarot/",
    "category": "love-relationships",
    "keywords": ["love", "harmony", "relationships", "values alignment"]
  },
  {
    "id": 7,
    "cardCode": "TAROT_CHAR_008",
    "cardNumber": "VII",
    "name": "The Chariot",
    "slug": "the-chariot",
    "image": "images/the-chariot.jpg",
    "description": "Control, willpower, success, determination. The Chariot represents overcoming obstacles through focus and determination.",
    "productId": "388",
    "addToCartLink": "https://shop.worldtrismegisto.com/cart/?add-to-cart=388",
    "buyNowLink": "https://shop.worldtrismegisto.com/product-category/tarot/",
    "category": "success-victory",
    "keywords": ["control", "willpower", "success", "determination"]
  },
  {
    "id": 8,
    "cardCode": "TAROT_STRE_009",
    "cardNumber": "VIII",
    "name": "Strength",
    "slug": "strength",
    "image": "images/strength.jpg",
    "description": "Strength, courage, persuasion, influence, compassion. True strength comes from patience, soft control, and inner power.",
    "productId": "393",
    "addToCartLink": "https://shop.worldtrismegisto.com/cart/?add-to-cart=393",
    "buyNowLink": "https://shop.worldtrismegisto.com/product-category/tarot/",
    "category": "inner-strength",
    "keywords": ["strength", "courage", "persuasion", "inner power"]
  },
  {
    "id": 9,
    "cardCode": "TAROT_HERM_010",
    "cardNumber": "IX",
    "name": "The Hermit",
    "slug": "the-hermit",
    "image": "images/the-hermit.jpg",
    "description": "Soul searching, introspection, inner guidance. The Hermit suggests that answers come from within through quiet contemplation.",
    "productId": "395",
    "addToCartLink": "https://shop.worldtrismegisto.com/cart/?add-to-cart=395",
    "buyNowLink": "https://shop.worldtrismegisto.com/product-category/tarot/",
    "category": "soul-searching",
    "keywords": ["soul searching", "introspection", "inner guidance", "contemplation"]
  },
  {
    "id": 10,
    "cardCode": "TAROT_WHEE_011",
    "cardNumber": "X",
    "name": "Wheel of Fortune",
    "slug": "wheel-of-fortune",
    "image": "images/wheel-of-fortune.jpg",
    "description": "Good luck, karma, life cycles, destiny, a turning point. The Wheel reminds us that life is full of changes and cycles.",
    "productId": "397",
    "addToCartLink": "https://shop.worldtrismegisto.com/cart/?add-to-cart=397",
    "buyNowLink": "https://shop.worldtrismegisto.com/product-category/tarot/",
    "category": "fortune-destiny",
    "keywords": ["good luck", "karma", "life cycles", "destiny"]
  },
  {
    "id": 11,
    "cardCode": "TAROT_JUST_012",
    "cardNumber": "XI",
    "name": "Justice",
    "slug": "justice",
    "image": "images/justice.jpg",
    "description": "Justice, fairness, truth, cause and effect, law. Justice represents balance, fairness, and the consequences of past actions.",
    "productId": "399",
    "addToCartLink": "https://shop.worldtrismegisto.com/cart/?add-to-cart=399",
    "buyNowLink": "https://shop.worldtrismegisto.com/product-category/tarot/",
    "category": "justice-balance",
    "keywords": ["justice", "fairness", "truth", "balance"]
  },
  {
    "id": 12,
    "cardCode": "TAROT_HANG_013",
    "cardNumber": "XII",
    "name": "The Hanged Man",
    "slug": "the-hanged-man",
    "image": "images/the-hanged-man.jpg",
    "description": "Suspension, restriction, letting go, sacrifice. The Hanged Man suggests a time of voluntary pause and surrender.",
    "productId": "406",
    "addToCartLink": "https://shop.worldtrismegisto.com/cart/?add-to-cart=406",
    "buyNowLink": "https://shop.worldtrismegisto.com/product-category/tarot/",
    "category": "patience-surrender",
    "keywords": ["suspension", "letting go", "sacrifice", "patience"]
  },
  {
    "id": 13,
    "cardCode": "TAROT_DEAT_014",
    "cardNumber": "XIII",
    "name": "Death",
    "slug": "death",
    "image": "images/death.jpg",
    "description": "Endings, beginnings, change, transformation, transition. Death represents the end of one chapter and the beginning of another.",
    "productId": "449",
    "addToCartLink": "https://shop.worldtrismegisto.com/cart/?add-to-cart=449",
    "buyNowLink": "https://shop.worldtrismegisto.com/product-category/tarot/",
    "category": "transformation",
    "keywords": ["endings", "beginnings", "change", "transformation"]
  },
  {
    "id": 14,
    "cardCode": "TAROT_TEMP_015",
    "cardNumber": "XIV",
    "name": "Temperance",
    "slug": "temperance",
    "image": "images/temperance.jpg",
    "description": "Balance, moderation, patience, purpose. Temperance represents the need for balance and moderation in all things.",
    "productId": "370",
    "addToCartLink": "https://shop.worldtrismegisto.com/cart/?add-to-cart=370",
    "buyNowLink": "https://shop.worldtrismegisto.com/product-category/tarot/",
    "category": "balance-moderation",
    "keywords": ["balance", "moderation", "patience", "purpose"]
  },
  {
    "id": 15,
    "cardCode": "TAROT_DEVI_016",
    "cardNumber": "XV",
    "name": "The Devil",
    "slug": "the-devil",
    "image": "images/the-devil.jpg",
    "description": "Bondage, addiction, sexuality, materialism. The Devil represents being trapped by your own beliefs or desires.",
    "productId": "374",
    "addToCartLink": "https://shop.worldtrismegisto.com/cart/?add-to-cart=374",
    "buyNowLink": "https://shop.worldtrismegisto.com/product-category/tarot/",
    "category": "shadow-work",
    "keywords": ["bondage", "addiction", "materialism", "breaking chains"]
  },
  {
    "id": 16,
    "cardCode": "TAROT_TOWE_017",
    "cardNumber": "XVI",
    "name": "The Tower",
    "slug": "the-tower",
    "image": "images/the-tower.jpg",
    "description": "Sudden change, upheaval, chaos, revelation, awakening. The Tower represents sudden, disruptive change.",
    "productId": "377",
    "addToCartLink": "https://shop.worldtrismegisto.com/cart/?add-to-cart=377",
    "buyNowLink": "https://shop.worldtrismegisto.com/product-category/tarot/",
    "category": "sudden-change",
    "keywords": ["sudden change", "upheaval", "chaos", "revelation"]
  },
  {
    "id": 17,
    "cardCode": "TAROT_STAR_018",
    "cardNumber": "XVII",
    "name": "The Star",
    "slug": "the-star",
    "image": "images/the-star.jpg",
    "description": "Hope, faith, purpose, renewal, spirituality. The Star represents hope and faith after a period of destruction.",
    "productId": "380",
    "addToCartLink": "https://shop.worldtrismegisto.com/cart/?add-to-cart=380",
    "buyNowLink": "https://shop.worldtrismegisto.com/product-category/tarot/",
    "category": "hope-renewal",
    "keywords": ["hope", "faith", "purpose", "renewal", "spirituality"]
  },
  {
    "id": 18,
    "cardCode": "TAROT_MOON_019",
    "cardNumber": "XVIII",
    "name": "The Moon",
    "slug": "the-moon",
    "image": "images/the-moon.jpg",
    "description": "Illusion, fear, anxiety, subconscious, intuition. The Moon represents the fears and anxieties that distort our perception.",
    "productId": "382",
    "addToCartLink": "https://shop.worldtrismegisto.com/cart/?add-to-cart=382",
    "buyNowLink": "https://shop.worldtrismegisto.com/product-category/tarot/",
    "category": "intuition-dreams",
    "keywords": ["illusion", "fear", "anxiety", "subconscious", "intuition"]
  },
  {
    "id": 19,
    "cardCode": "TAROT_SUN_020",
    "cardNumber": "XIX",
    "name": "The Sun",
    "slug": "the-sun",
    "image": "images/the-sun.jpg",
    "description": "Happiness, success, optimism, vitality. The Sun represents joy, success, and positive energy.",
    "productId": "384",
    "addToCartLink": "https://shop.worldtrismegisto.com/cart/?add-to-cart=384",
    "buyNowLink": "https://shop.worldtrismegisto.com/product-category/tarot/",
    "category": "happiness-success",
    "keywords": ["happiness", "success", "optimism", "vitality"]
  },
  {
    "id": 20,
    "cardCode": "TAROT_JUDG_021",
    "cardNumber": "XX",
    "name": "Judgement",
    "slug": "judgement",
    "image": "images/judgement.jpg",
    "description": "Judgement, rebirth, inner calling, absolution. Judgement represents rebirth, inner calling, and final decisions.",
    "productId": "386",
    "addToCartLink": "https://shop.worldtrismegisto.com/cart/?add-to-cart=386",
    "buyNowLink": "https://shop.worldtrismegisto.com/product-category/tarot/",
    "category": "rebirth-calling",
    "keywords": ["judgement", "rebirth", "inner calling", "absolution"]
  },
  {
    "id": 21,
    "cardCode": "TAROT_WORL_022",
    "cardNumber": "XXI",
    "name": "The World",
    "slug": "the-world",
    "image": "images/the-world.jpg",
    "description": "Completion, accomplishment, fulfillment, travel. The World represents completion of a cycle and accomplishment of goals.",
    "productId": "388",
    "addToCartLink": "https://shop.worldtrismegisto.com/cart/?add-to-cart=388",
    "buyNowLink": "https://shop.worldtrismegisto.com/product-category/tarot/",
    "category": "completion-accomplishment",
    "keywords": ["completion", "accomplishment", "fulfillment", "success"]
  }
] 